Name,Phone
FZ Equipments Private Limited,918047543654
Heat Freeze Equipment,919640057791
Select Kitchen Equipment,917942817465
Platinum Kitchen Equipment,918047521188
Maha Laxmi Refrigeration & Fabrication,919640057791
RV Kitchen Equipments,917942537534
Subam Industries,917942543730
Pradeep Stainless India Private Limited,918047631695
K L Industries,918047631956
Aramana Kitchen Equipments,918047645950
Fav Technologies,918047673603
Sun Engineering Equipments,917949356481
Balaji Engineering Works,917942714012
SR Kitchen Equipments,917942711579
Chennais Kitchen Solutions,918043819712
Sri Mahalakshmi Canteen Equipments,918048263866
Chheda Industries,917942658998
Suharya Kitchen Solutions,917942721662
Sun Cooler Udayam,918047640359
Chef Style Kitchen Equipments,917942720097
Global Kitchen Equipments Company,917949303063
Sri Sapthagiri Catering Equipments,918044944732
Vedhaar Tech,917949338227
Quality Kitchen Equipments,918043836657
K V Catering Equipments,918044566705
Jai Sainath Industries,918041011655
Sri Gajalakshmi Catering Equipments,918045733390
Classic Canteen Systems,918044016439
Elite Kitchen Equipments,918041013678
PKR Equipments Private Limited,918048986315
Cheffmate Kitchen Equipments,918047786546
Riddhi Display Equipments Limited,918047622602
Vikas Engineering Works,918047632620
Sakthi Industries,917942533259
R.K. Enterprises,917949090364
Cut & Fold Fabricators,917949313550
Haridheepsai Kitchen Innovations,918048263695
Sri Ramachandra Industry,917942667093
DR Kitchen Equipments,918047548553
Frisbee Robotics Private Limited,917943437889
Sri Krishna Industries,917949342390
SMD Engineering Equipments & Systems,918047810242
Sree Sairam Industries,918045911251
S.L.S. Fabri Tech,918047838195
Sri Muthulakshmi Engineering Works,918047301632
Hindustan Engineers,917942549244
Afrisaa Enterprises,917949084909
Sam Kitchen Equipments,918046031290
Avtar Industries,919873000926
Delhi Kitchen Equipment (India),919910032972
